310107689,Monet	,Lugo,2590 Pearl Street,689 632 7120,monet@gmail.com,monet,m123
598455212,Sultan,Mohamed,2565 Diamond Cove,946 309 0929,sultan@gmail.com,sultan,s123
955247039,Tayyab,Howarth, 2880 Rockford Road	,945 203 4952,tayyab@gmail.com,	tayyab, t123
476616644,Don ,Yates, 3177 Indiana Avenue	,685 029 1148	,don@gmail.com,	don,	d123
316978441,Leanna,Gilmore,	3663 Patterson Street,	949 835 5992	,leanna@gmail.com,	leanna	,l123
991514173,Lloyd, Benjamin,	3792 Pleasant Hill Road	,698 830 0521	,lloyd@gmail.com,	lloyd,	l123
427369292,Kashif, Larsen,	4546 Comfort Court,	941 472 7582	,kashif@gmail.com,	kashif,	k123
267722168,Ruby ,Newman, 178 Grey Fox Farm Road	,688 961 2660	,ruby@gmail.com	,ruby	,r123
992741509,Rubie,Snider, 3984 Ersel Street	,687 873 7193	,rubie@gmail.com,	rubie,	r123
383734735,Jax ,Larson, 2369 Stroop Hill Road,	689 865 2900,	jax@gmail.com,	jax	,j123
379384702,Cordelia, Travers,	4062 Browning Lane,	693 327 5509,	cordelia@gmail.com,	cordelia,c123
530478203,Shanaya,Davila,	1728 Willison Street,	698 884 1670,	shanaya@gmail.com,	shanaya,s123
879053442,Nela ,Charles	,2155 Joanne Lane	,941 688 9952,	nela@gmail.com,	nella,n123
401575368,Missy ,Dickerson,	775 Kidd Avenue,	687 683 1862,	missy@gmail.com,	missy	,m123
852774074,Izaak ,Butt,	2775 Coleman Avenue	,688 776 4269	,izaak@gmail.com,	izaak,	i123
548388082,Genevieve,Smith,	403 Heritage Road,	687 834 0689,	genevieve@gmail.com	,genevieve	,g123
477900534,Chelsea,Cunningham,	1795 Conifer Drive	,948 475 4634,	chelsea@gmail.com	,chelsea,	c123
974335919,Safaa ,Tapia,	3300 Larry Street,	689 878 4587,	safaa@gmail.com	,safaa	,s123
949877377,Asiyah,	Franklin,	2907 Lincoln Drive	,694 698 1141,	asiyah@gmail.com,asiyah	,a123
143374539,Seamus,Dawe, 204 Turkey Pen Road,	688 986 4722,	seasmus@gmail.com,seamus	,s123